<?xml version="1.0" encoding="UTF-8"?>
<project-private xmlns="http://www.netbeans.org/ns/project-private/1">
    <editor-bookmarks xmlns="http://www.netbeans.org/ns/editor-bookmarks/2" lastBookmarkId="1">
        <file>
            <url>src/day7game/TicTacToe.java</url>
            <bookmark id="1">
                <name/>
                <line>274</line>
                <key/>
            </bookmark>
        </file>
    </editor-bookmarks>
    <open-files xmlns="http://www.netbeans.org/ns/projectui-open-files/2">
        <group>
            <file>file:/U:/Users/728636/Downloads/Day7Game/src/day7game/PlayerInfo.java</file>
            <file>file:/U:/Users/728636/Downloads/Day7Game/src/day7game/TicTacToe.java</file>
        </group>
    </open-files>
</project-private>
